Bios Version,Hostname,Vendor,Network,Path
1.0b,blc00,American Megatrends Inc.,Digilab,Digilab --> blc00
2.0b,blc01,American Megatrends Inc.,Digilab,Digilab --> blc01
2.0b,blc02,American Megatrends Inc.,Digilab,Digilab --> blc02
2.0,blh0,American Megatrends Inc.,Digilab,Digilab --> blh0
1.0b,bls0,American Megatrends Inc.,Digilab,Digilab --> bls0
2.0a,blc00,American Megatrends Inc.,Parkes,Parkes --> blc00
2.0a,blc01,American Megatrends Inc.,Parkes,Parkes --> blc01
2.0a,blc02,American Megatrends Inc.,Parkes,Parkes --> blc02
2.0a,blc03,American Megatrends Inc.,Parkes,Parkes --> blc03
2.0a,blc04,American Megatrends Inc.,Parkes,Parkes --> blc04
2.0a,blc05,American Megatrends Inc.,Parkes,Parkes --> blc05
2.0a,blc06,American Megatrends Inc.,Parkes,Parkes --> blc06
2.0a,blc07,American Megatrends Inc.,Parkes,Parkes --> blc07
2.0a,blc10,American Megatrends Inc.,Parkes,Parkes --> blc10
2.0a,blc11,American Megatrends Inc.,Parkes,Parkes --> blc11
2.0a,blc12,American Megatrends Inc.,Parkes,Parkes --> blc12
2.0a,blc13,American Megatrends Inc.,Parkes,Parkes --> blc13
2.0a,blc14,American Megatrends Inc.,Parkes,Parkes --> blc14
2.0a,blc15,American Megatrends Inc.,Parkes,Parkes --> blc15
2.0a,blc16,American Megatrends Inc.,Parkes,Parkes --> blc16
2.0a,blc17,American Megatrends Inc.,Parkes,Parkes --> blc17
2.0,blc20,American Megatrends Inc.,Parkes,Parkes --> blc20
2.0,blc21,American Megatrends Inc.,Parkes,Parkes --> blc21
2.0,blc22,American Megatrends Inc.,Parkes,Parkes --> blc22
2.0a,blc23,American Megatrends Inc.,Parkes,Parkes --> blc23
2.0a,blc24,American Megatrends Inc.,Parkes,Parkes --> blc24
2.0a,blc25,American Megatrends Inc.,Parkes,Parkes --> blc25
2.0a,blc26,American Megatrends Inc.,Parkes,Parkes --> blc26
2.0a,blc27,American Megatrends Inc.,Parkes,Parkes --> blc27
1.0b,blc30,American Megatrends Inc.,Parkes,Parkes --> blc30
2.0,blc31,American Megatrends Inc.,Parkes,Parkes --> blc31
2.0,blc32,American Megatrends Inc.,Parkes,Parkes --> blc32
1.1,blh0,American Megatrends Inc.,Parkes,Parkes --> blh0
2.0a,bls0,American Megatrends Inc.,Parkes,Parkes --> bls0
2.0a,bls1,American Megatrends Inc.,Parkes,Parkes --> bls1
2.0a,bls2,American Megatrends Inc.,Parkes,Parkes --> bls2
2.0,bls3,American Megatrends Inc.,Parkes,Parkes --> bls3
1.0b,blc00,American Megatrends Inc.,GBT,GBT --> blc00
1.0b,blc01,American Megatrends Inc.,GBT,GBT --> blc01
1.0b,blc02,American Megatrends Inc.,GBT,GBT --> blc02
1.0b,blc03,American Megatrends Inc.,GBT,GBT --> blc03
1.0b,blc04,American Megatrends Inc.,GBT,GBT --> blc04
1.0b,blc05,American Megatrends Inc.,GBT,GBT --> blc05
1.0b,blc06,American Megatrends Inc.,GBT,GBT --> blc06
1.0b,blc07,American Megatrends Inc.,GBT,GBT --> blc07
2.0,blc10,American Megatrends Inc.,GBT,GBT --> blc10
2.0,blc11,American Megatrends Inc.,GBT,GBT --> blc11
2.0,blc12,American Megatrends Inc.,GBT,GBT --> blc12
2.0,blc13,American Megatrends Inc.,GBT,GBT --> blc13
2.0,blc14,American Megatrends Inc.,GBT,GBT --> blc14
2.0,blc15,American Megatrends Inc.,GBT,GBT --> blc15
2.0,blc16,American Megatrends Inc.,GBT,GBT --> blc16
2.0,blc17,American Megatrends Inc.,GBT,GBT --> blc17
2.0,blc20,American Megatrends Inc.,GBT,GBT --> blc20
2.0,blc21,American Megatrends Inc.,GBT,GBT --> blc21
2.0,blc22,American Megatrends Inc.,GBT,GBT --> blc22
2.0,blc23,American Megatrends Inc.,GBT,GBT --> blc23
2.0,blc24,American Megatrends Inc.,GBT,GBT --> blc24
2.0,blc25,American Megatrends Inc.,GBT,GBT --> blc25
2.0,blc26,American Megatrends Inc.,GBT,GBT --> blc26
2.0,blc27,American Megatrends Inc.,GBT,GBT --> blc27
2.0,blc30,American Megatrends Inc.,GBT,GBT --> blc30
2.0,blc31,American Megatrends Inc.,GBT,GBT --> blc31
2.0,blc32,American Megatrends Inc.,GBT,GBT --> blc32
2.0,blc33,American Megatrends Inc.,GBT,GBT --> blc33
2.0,blc34,American Megatrends Inc.,GBT,GBT --> blc34
2.0,blc35,American Megatrends Inc.,GBT,GBT --> blc35
2.0,blc36,American Megatrends Inc.,GBT,GBT --> blc36
2.0,blc37,American Megatrends Inc.,GBT,GBT --> blc37
1.1,blh0,American Megatrends Inc.,GBT,GBT --> blh0
1.0b,bls0,American Megatrends Inc.,GBT,GBT --> bls0
2.0,bls1,American Megatrends Inc.,GBT,GBT --> bls1
2.0,bls2,American Megatrends Inc.,GBT,GBT --> bls2
2.0,bls3,American Megatrends Inc.,GBT,GBT --> bls3
2.0b,bls4,American Megatrends Inc.,GBT,GBT --> bls4
